CREATE DATABASE MOVIES; 
USE MOVIES;
show databases;


CREATE TABLE ACTOR(
 ACT_ID INT PRIMARY KEY,
 ACT_NAME VARCHAR(20),
 ACT_GENDER CHAR(6));
 DESC ACTOR;

CREATE TABLE DIRECTOR(
 DIR_ID INT PRIMARY KEY,
 DIR_NAME VARCHAR(20),
 DIR_PHONE BIGINT);
DESC DIRECTOR;

CREATE TABLE MOVIES(
 MOV_ID INT PRIMARY KEY,
 MOV_TITLE VARCHAR(20),
 MOV_YEAR INT,
MOV_LANG VARCHAR(20),
 DIR_ID INT,
FOREIGN KEY(DIR_ID) REFERENCES DIRECTOR(DIR_ID)); 
DESC MOVIES;

CREATE TABLE MOVIE_CAST( ACT_ID INT,
MOV_ID INT,
ROLE VARCHAR(10),
PRIMARY KEY(ACT_ID, MOV_ID),
FOREIGN KEY(ACT_ID) REFERENCES ACTOR(ACT_ID),
 FOREIGN KEY(MOV_ID) REFERENCES MOVIES(MOV_ID));
 DESC MOVIE_CAST;

CREATE TABLE RATING(
 MOV_ID INT PRIMARY KEY,
 REV_STARS FLOAT,
FOREIGN KEY(MOV_ID) REFERENCES MOVIES(MOV_ID));
 DESC RATING;
 
INSERT INTO ACTOR VALUES(101,'ROWAN ATKINSON','M');
 INSERT INTO ACTOR VALUES(102,'ELIZABETH','F');
 INSERT INTO ACTOR VALUES(103,'RAJINIKANTH','M');
 INSERT INTO ACTOR VALUES(104,'NEOLA JANE','F'); 
 INSERT INTO ACTOR VALUES(105,'RISHAB SHETTY','M'); 
 INSERT INTO ACTOR VALUES(106,'ANSEL ELGORT','M'); 
 INSERT INTO ACTOR VALUES(107,'LAURA','F');
SELECT * FROM ACTOR;




INSERT INTO DIRECTOR VALUES(201,'HITCHCOCK',9681855818);
 INSERT INTO DIRECTOR VALUES(202,'PREETHAM',9866448172);
INSERT INTO DIRECTOR VALUES(203,'STEVEN SPIELBERG',9887541234); 
INSERT INTO DIRECTOR VALUES(204,'SHANKAR',9478653428);
INSERT INTO DIRECTOR VALUES(205,'RAJAMOULI',9578653089);
 SELECT * FROM DIRECTOR;

INSERT INTO MOVIES VALUES(301,'REAR WINDOW',1954,'ENGLISH',201);
 INSERT INTO MOVIES VALUES(302,'PADAYAPPA',2021,'TAMIL',202);
 INSERT INTO MOVIES VALUES(303,'SUSPICION',1941,'ENGLISH',201);
 INSERT INTO MOVIES VALUES(304,'SHIVAJI',2007,'TAMIL',204);
 INSERT INTO MOVIES VALUES(305,'BAHUBALI',2015,'TELUGU',205);
INSERT INTO MOVIES VALUES(306,'WEST SIDE STORIES',2020,'ENGLISH',203);
 INSERT INTO MOVIES VALUES(307,'JURASSIC PARK',1993,'ENGLISH',203); 
 SELECT * FROM MOVIES;


INSERT INTO MOVIE_CAST VALUES(101,301,'GUEST');
 INSERT INTO MOVIE_CAST VALUES(101,303,'VILLAIN'); 
 INSERT INTO MOVIE_CAST VALUES(102,303,'HEROINE');
 INSERT INTO MOVIE_CAST VALUES(103,304,'HERO'); 
 INSERT INTO MOVIE_CAST VALUES(104,301,'HEROINE');
 INSERT INTO MOVIE_CAST VALUES(106,306,'CAMEO');
 INSERT INTO MOVIE_CAST VALUES(107,307,'HEROINE');
 SELECT * FROM MOVIE_CAST;

INSERT INTO RATING VALUES(301,3.5);
 INSERT INTO RATING VALUES(302,5);
 INSERT INTO RATING VALUES(303,4.5);
 INSERT INTO RATING VALUES(304,2.5); 
 INSERT INTO RATING VALUES(305,5); 
 INSERT INTO RATING VALUES(306,3.5);
 INSERT INTO RATING VALUES(307,3);
 SELECT * FROM RATING;
 
